{"name":"4177470e-7268-4178-90b0-54cad4fba224","id":"/providers/Microsoft.Flow/flows/4177470e-7268-4178-90b0-54cad4fba224","type":"Microsoft.Flow/flows","properties":{"apiId":"/providers/Microsoft.PowerApps/apis/shared_logicflows","displayName":"Prospects Summary Email","definition":{"metadata":{"workflowEntityId":null,"processAdvisorMetadata":null,"flowChargedByPaygo":null,"flowclientsuspensionreason":"None","flowclientsuspensiontime":null,"flowclientsuspensionreasondetails":null,"creator":{"id":"15ecd797-850a-444d-8c91-f0310cb751bc","type":"User","tenantId":"b00a025f-059e-43ca-9222-1d99ad94532c"},"provisioningMethod":"FromDefinition","failureAlertSubscription":true,"clientLastModifiedTime":"2025-07-10T20:25:26.6378758Z","connectionKeySavedTimeKey":"2025-07-10T20:25:26.6378758Z","creationSource":"Portal","modifiedSources":"Portal"},"$schema":"https://schema.management.azure.com/providers/Microsoft.Logic/schemas/2016-06-01/workflowdefinition.json#","contentVersion":"undefined","parameters":{"$connections":{"defaultValue":{},"type":"Object"},"$authentication":{"defaultValue":{},"type":"SecureObject"}},"triggers":{"Recurrence":{"recurrence":{"frequency":"Week","interval":1,"startTime":"2025-07-14T12:00:00.000Z","schedule":{"weekDays":["Sunday","Monday","Tuesday","Wednesday","Thursday","Friday","Saturday"]}},"metadata":{"operationMetadataId":"b5f4bb68-1a1d-4aec-9e1d-3c1165b71428"},"type":"Recurrence"}},"actions":{"Main":{"actions":{"List_rows_present_in_a_table":{"runAfter":{},"metadata":{"01HGIHO6WXDM3ZXDYJ2ZGYT2V6FTX4GZQP":"/SALES HATER ASSISTANT/Thisprospects_mvp.xlsx","tableId":"{CDEF367F-681C-4E06-9F7D-416AA7B918D0}","operationMetadataId":"44cf5e95-5a5b-4853-b5d1-0dd9dac0a9ef"},"type":"OpenApiConnection","inputs":{"host":{"apiId":"/providers/Microsoft.PowerApps/apis/shared_excelonlinebusiness","connectionName":"shared_excelonlinebusiness","operationId":"GetItems"},"parameters":{"source":"me","drive":"b!uD1_ukeLekGPXxmGNTY3F6iexwZPuDdGt0SoDLGJXNXcPOgvIRW0TqRpXUAHrH1H","file":"01HGIHO6WXDM3ZXDYJ2ZGYT2V6FTX4GZQP","table":"{CDEF367F-681C-4E06-9F7D-416AA7B918D0}"},"authentication":"@parameters('$authentication')"}},"Compose":{"runAfter":{"List_rows_present_in_a_table":["Succeeded"]},"metadata":{"operationMetadataId":"df91890b-51f8-40a0-9477-51e4297d4854"},"type":"Compose","inputs":"@formatDateTime(addDays(utcNow(), -7), 'yyyy-MM-ddTHH:mm:ssZ')\r\n"},"Filter_array":{"runAfter":{"Compose":["Succeeded"]},"metadata":{"operationMetadataId":"1a84a141-8c5e-492d-be9c-e5904e864d58"},"type":"Query","inputs":{"from":"@outputs('List_rows_present_in_a_table')?['body/value']","where":"@and(\n  greaterOrEquals(\n    item()?['Last Stage Change Date'],\n    outputs('Compose')\n  ),\n  not(empty(item()?['Last Stage Change Date']))\n)\n"}},"DealsMoved":{"runAfter":{"Filter_array":["Succeeded"]},"metadata":{"operationMetadataId":"b3e5b40d-f5d2-47b2-8ac1-2df906f44705"},"type":"Compose","inputs":"@length(body('Filter_array'))"}},"runAfter":{},"metadata":{"operationMetadataId":"027eb26c-cc44-449e-bb29-e65ad113bb3b"},"type":"Scope"},"Send_an_email_(V2)":{"runAfter":{"Apply_to_each":["Succeeded"]},"metadata":{"operationMetadataId":"53bea20e-eb3f-4722-84ea-faef3ffc7110"},"type":"OpenApiConnection","inputs":{"host":{"apiId":"/providers/Microsoft.PowerApps/apis/shared_office365","connectionName":"shared_office365","operationId":"SendEmailV2"},"parameters":{"emailMessage/To":"Eric.Schmidt@citadelaccess.com","emailMessage/Subject":"Weekly Prospects Summary","emailMessage/Body":"<p class=\"editor-paragraph\">Here’s your weekly summary:<br>• Deals moved: @{outputs('DealsMoved')}<br>• Calls logged: @{variables('CallsTotal')}<br>• Emails logged: @{variables('EmailsTotal')}<br>• Meetings held: @{variables('MeetingsTotal')}<br>• Total pipeline value: $@{variables('PipelineTotal')}</p><br>","emailMessage/Importance":"Normal"},"authentication":"@parameters('$authentication')"}},"Apply_to_each":{"foreach":"@outputs('List_rows_present_in_a_table')?['body/value']","actions":{"Increment_CallTotal":{"runAfter":{},"metadata":{"operationMetadataId":"be40ba61-851f-4871-978e-cd7f8b0d87d7"},"type":"IncrementVariable","inputs":{"name":"CallsTotal","value":"@int(items('Apply_to_each')?['Calls Logged'])"}},"Increment_EmailsTotal":{"runAfter":{"Increment_CallTotal":["Succeeded"]},"metadata":{"operationMetadataId":"0f5acdc7-6fbc-447f-80a6-5f4cbfbad3d1"},"type":"IncrementVariable","inputs":{"name":"EmailsTotal","value":"@int(items('Apply_to_each')?['Emails Logged'])"}},"Increment_MeetingsTotal":{"runAfter":{"Increment_EmailsTotal":["Succeeded"]},"metadata":{"operationMetadataId":"d91930fe-4f5c-4c0e-b179-b1687568e9b8"},"type":"IncrementVariable","inputs":{"name":"MeetingsTotal","value":"@int(items('Apply_to_each')?['Meetings Held'])"}},"Increment_Pipeline":{"runAfter":{"Increment_MeetingsTotal":["Succeeded"]},"metadata":{"operationMetadataId":"bc441f87-f01c-488d-b3e0-0a25c199af63"},"type":"IncrementVariable","inputs":{"name":"PipelineTotal","value":"@int(items('Apply_to_each')?['Amount'])"}}},"runAfter":{"Initialize_variable":["Succeeded"]},"metadata":{"operationMetadataId":"d9377f8e-6ccb-46c5-bf39-2805a0830884"},"type":"Foreach"},"Initialize_variable":{"runAfter":{"Initialize_variable_1":["Succeeded"]},"metadata":{"operationMetadataId":"46b8c49e-24ca-490b-b058-5a034e645b7b"},"type":"InitializeVariable","inputs":{"variables":[{"name":"CallsTotal","type":"integer","value":0}]}},"Initialize_variable_1":{"runAfter":{"Initialize_variable_2":["Succeeded"]},"metadata":{"operationMetadataId":"eadcb682-0d89-43d5-afe0-b3e7fbf0d885"},"type":"InitializeVariable","inputs":{"variables":[{"name":"EmailsTotal","type":"integer","value":0}]}},"Initialize_variable_2":{"runAfter":{"Initialize_variable_3":["Succeeded"]},"metadata":{"operationMetadataId":"7628ba90-1e0c-4e32-8985-3a3d86047ee6"},"type":"InitializeVariable","inputs":{"variables":[{"name":"MeetingsTotal","type":"integer","value":0}]}},"Initialize_variable_3":{"runAfter":{"ErrorHandling":["Succeeded"]},"metadata":{"operationMetadataId":"1217f32c-973b-4847-abd9-f47c699b80e4"},"type":"InitializeVariable","inputs":{"variables":[{"name":"PipelineTotal","type":"integer","value":0}]}},"ErrorHandling":{"actions":{"Add_a_row_into_a_table":{"runAfter":{},"metadata":{"01HGIHO6WXDM3ZXDYJ2ZGYT2V6FTX4GZQP":"/SALES HATER ASSISTANT/Thisprospects_mvp.xlsx","operationMetadataId":"bf6a8ceb-07a7-465c-abbb-79b725fd4dde"},"type":"OpenApiConnection","inputs":{"host":{"apiId":"/providers/Microsoft.PowerApps/apis/shared_excelonlinebusiness","connectionName":"shared_excelonlinebusiness","operationId":"AddRowV2"},"parameters":{"source":"me","drive":"b!uD1_ukeLekGPXxmGNTY3F6iexwZPuDdGt0SoDLGJXNXcPOgvIRW0TqRpXUAHrH1H","file":"01HGIHO6WXDM3ZXDYJ2ZGYT2V6FTX4GZQP","table":"{9AF16528-FE3A-488D-8C59-392610698E4E}","item/FlowName":"@outputs('Compose')","item/StepName":"@outputs('DealsMoved')","item/ErrorTime":"@utcNow()"},"authentication":"@parameters('$authentication')"}}},"runAfter":{"Main":["Failed","Skipped"]},"metadata":{"operationMetadataId":"0fd1d398-e4e3-46f6-bf95-b153cdef2d17"},"type":"Scope"}}},"connectionReferences":{"shared_excelonlinebusiness":{"connectionName":"shared-excelonlinebu-0f242592-9c8c-4e66-8e0c-93dbf03a2cac","source":"Embedded","id":"/providers/Microsoft.PowerApps/apis/shared_excelonlinebusiness","tier":"NotSpecified","apiName":"excelonlinebusiness","isProcessSimpleApiReferenceConversionAlreadyDone":false},"shared_office365":{"connectionName":"shared-office365-ef348245-714b-4ffe-aae7-91ddbe8e4926","source":"Embedded","id":"/providers/Microsoft.PowerApps/apis/shared_office365","tier":"NotSpecified","apiName":"office365","isProcessSimpleApiReferenceConversionAlreadyDone":false}},"flowFailureAlertSubscribed":false,"isManaged":false}}