{"name":"9489a216-f3d9-48d9-a7c1-0717a0c7f553","id":"/providers/Microsoft.Flow/flows/9489a216-f3d9-48d9-a7c1-0717a0c7f553","type":"Microsoft.Flow/flows","properties":{"apiId":"/providers/Microsoft.PowerApps/apis/shared_logicflows","displayName":"Deal-Stage Change Alerts","definition":{"metadata":{"workflowEntityId":null,"processAdvisorMetadata":null,"flowChargedByPaygo":null,"flowclientsuspensionreason":"None","flowclientsuspensiontime":null,"flowclientsuspensionreasondetails":null,"creator":{"id":"15ecd797-850a-444d-8c91-f0310cb751bc","type":"User","tenantId":"b00a025f-059e-43ca-9222-1d99ad94532c"},"provisioningMethod":"FromDefinition","failureAlertSubscription":true,"clientLastModifiedTime":"2025-07-10T20:28:20.7514177Z","connectionKeySavedTimeKey":"2025-07-10T20:28:20.7514177Z","creationSource":"Portal","modifiedSources":"Portal"},"$schema":"https://schema.management.azure.com/providers/Microsoft.Logic/schemas/2016-06-01/workflowdefinition.json#","contentVersion":"undefined","parameters":{"$authentication":{"defaultValue":{},"type":"SecureObject"},"$connections":{"defaultValue":{},"type":"Object"}},"triggers":{"Recurrence":{"recurrence":{"frequency":"Hour","interval":"1","startTime":"2025-07-09T12:00:00.000Z"},"type":"Recurrence"}},"actions":{"List_rows_present_in_a_table":{"runAfter":{"ErrorHandling":["Succeeded"]},"metadata":{"01HGIHO6WXDM3ZXDYJ2ZGYT2V6FTX4GZQP":"/SALES HATER ASSISTANT/Thisprospects_mvp.xlsx","tableId":"{CDEF367F-681C-4E06-9F7D-416AA7B918D0}"},"type":"OpenApiConnection","inputs":{"parameters":{"source":"me","drive":"b!uD1_ukeLekGPXxmGNTY3F6iexwZPuDdGt0SoDLGJXNXcPOgvIRW0TqRpXUAHrH1H","file":"01HGIHO6WXDM3ZXDYJ2ZGYT2V6FTX4GZQP","table":"{CDEF367F-681C-4E06-9F7D-416AA7B918D0}"},"host":{"apiId":"/providers/Microsoft.PowerApps/apis/shared_excelonlinebusiness","connectionName":"shared_excelonlinebusiness","operationId":"GetItems"},"authentication":"@parameters('$authentication')"}},"Apply_to_each":{"foreach":"@outputs('List_rows_present_in_a_table')?['body/value']","actions":{"Condition":{"actions":{"Send_me_a_mobile_notification":{"type":"OpenApiConnection","inputs":{"parameters":{"NotificationDefinition/notificationText":"✅ @{items('Apply_to_each')?['Prospect Name']} moved from @{items('Apply_to_each')?['Last Known Stage']} → @{items('Apply_to_each')?['Deal Stage']}.\n"},"host":{"apiId":"/providers/Microsoft.PowerApps/apis/shared_flowpush","connectionName":"shared_flowpush","operationId":"SendNotification"},"authentication":"@parameters('$authentication')"}},"Update_a_row":{"runAfter":{"Send_me_a_mobile_notification":["Succeeded"]},"metadata":{"01HGIHO6WXDM3ZXDYJ2ZGYT2V6FTX4GZQP":"/SALES HATER ASSISTANT/Thisprospects_mvp.xlsx","tableId":"{CDEF367F-681C-4E06-9F7D-416AA7B918D0}"},"type":"OpenApiConnection","inputs":{"parameters":{"source":"me","drive":"b!uD1_ukeLekGPXxmGNTY3F6iexwZPuDdGt0SoDLGJXNXcPOgvIRW0TqRpXUAHrH1H","file":"01HGIHO6WXDM3ZXDYJ2ZGYT2V6FTX4GZQP","table":"{CDEF367F-681C-4E06-9F7D-416AA7B918D0}","idColumn":"Prospect Name","id":"@items('Apply_to_each')?['Prospect Name']","item/Last Known Stage":"@items('Apply_to_each')?['Deal Stage']","item/Last Stage Change Date":"@utcNow()"},"host":{"apiId":"/providers/Microsoft.PowerApps/apis/shared_excelonlinebusiness","connectionName":"shared_excelonlinebusiness","operationId":"PatchItem"},"authentication":"@parameters('$authentication')"}}},"else":{"actions":{}},"expression":{"and":[{"not":{"equals":["@items('Apply_to_each')?['Deal Stage']","@items('Apply_to_each')?['Last Known Stage']"]}}]},"type":"If"}},"runAfter":{"List_rows_present_in_a_table":["Succeeded"]},"type":"Foreach"},"Main":{"actions":{},"runAfter":{},"type":"Scope"},"ErrorHandling":{"actions":{"Add_a_row_into_a_table":{"metadata":{"01HGIHO6WXDM3ZXDYJ2ZGYT2V6FTX4GZQP":"/SALES HATER ASSISTANT/Thisprospects_mvp.xlsx"},"type":"OpenApiConnection","inputs":{"parameters":{"source":"me","drive":"b!uD1_ukeLekGPXxmGNTY3F6iexwZPuDdGt0SoDLGJXNXcPOgvIRW0TqRpXUAHrH1H","file":"01HGIHO6WXDM3ZXDYJ2ZGYT2V6FTX4GZQP","table":"{9AF16528-FE3A-488D-8C59-392610698E4E}"},"host":{"apiId":"/providers/Microsoft.PowerApps/apis/shared_excelonlinebusiness","connectionName":"shared_excelonlinebusiness","operationId":"AddRowV2"},"authentication":"@parameters('$authentication')"}}},"runAfter":{"Main":["Skipped","Failed"]},"type":"Scope"}}},"connectionReferences":{"shared_excelonlinebusiness":{"connectionName":"shared-excelonlinebu-0f242592-9c8c-4e66-8e0c-93dbf03a2cac","source":"Embedded","id":"/providers/Microsoft.PowerApps/apis/shared_excelonlinebusiness","tier":"NotSpecified","apiName":"excelonlinebusiness","isProcessSimpleApiReferenceConversionAlreadyDone":false},"shared_flowpush":{"connectionName":"shared-flowpush-6a77aa04-ec04-481a-b5b0-2b3c068a8bb5","source":"Embedded","id":"/providers/Microsoft.PowerApps/apis/shared_flowpush","tier":"NotSpecified","apiName":"flowpush","isProcessSimpleApiReferenceConversionAlreadyDone":false}},"flowFailureAlertSubscribed":false,"isManaged":false}}